קו,מפעיל,כיוון,חלופה,מקט,מוצא,יעד,תאור,אורך,"מספר תחנות","יציאות ביום ג","יציאות שבועיות",סוג,שרות,יחודיות,"סוג אוטובוס",שבת,נגיש,אשכול,מחוז,"מספר חלופה"
2,"דן באר שבע",1,0,61002,"באר שבע","באר שבע","שד. הצנחנים / צבי בן יעקב - מסוף רמות",16.5,46,69,391,עירוני,"מקומי מאסף",סדיר,עירוני,לא,כן,"באר שבע עירוני",הדרום,17786
2,"דן באר שבע",1,1,61002,"באר שבע","באר שבע","שד. הצנחנים / צבי בן יעקב - מסוף רמות",17.8,47,2,12,עירוני,"מקומי מאסף",סדיר,עירוני,לא,כן,"באר שבע עירוני",הדרום,142
2,"דן באר שבע",2,0,61002,"באר שבע","באר שבע","מסוף רמות - שד. הצנחנים / צבי בן יעקב",16.7,45,67,380,עירוני,"מקומי מאסף",סדיר,עירוני,לא,כן,"באר שבע עירוני",הדרום,17787
2,"דן באר שבע",2,1,61002,"באר שבע","באר שבע","מסוף רמות - שד. הצנחנים / צבי בן יעקב",17.9,46,2,12,עירוני,"מקומי מאסף",סדיר,עירוני,לא,כן,"באר שבע עירוני",הדרום,143
3,"דן באר שבע",1,0,55003,"באר שבע","באר שבע","ת.מרכזית/עירוניים לדרום - אצטדיון טרנר",9.1,27,85,486,עירוני,"מקומי מאסף",סדיר,עירוני,לא,כן,"באר שבע עירוני",הדרום,17640
3,"דן באר שבע",2,0,55003,"באר שבע","באר שבע","אצטדיון טרנר - ת.מרכזית/עירוניים לצפון",9.2,28,91,523,עירוני,"מקומי מאסף",סדיר,עירוני,לא,כן,"באר שבע עירוני",הדרום,17641
4,"דן באר שבע",1,0,52004,"באר שבע","באר שבע","אצטדיון טרנר - מסוף רמות",19.1,46,82,460,עירוני,"מקומי מאסף",סדיר,עירוני,לא,כן,"באר שבע עירוני",הדרום,17510
4,"דן באר שבע",2,0,52004,"באר שבע","באר שבע","מסוף רמות - אצטדיון טרנר",18.7,48,82,461,עירוני,"מקומי מאסף",סדיר,עירוני,לא,כן,"באר שבע עירוני",הדרום,17511
5,"דן באר שבע",1,0,45005,"באר שבע","באר שבע","מסוף חצרים - ""ת. רכבת ב""""ש צפון""",13.6,38,90,512,עירוני,"מקומי מאסף",סדיר,עירוני,לא,כן,"באר שבע עירוני",הדרום,17513
5,"דן באר שבע",2,0,45005,"באר שבע","באר שבע","""ת. רכבת ב""""ש צפון"" - מסוף חצרים",13.8,37,92,525,עירוני,"מקומי מאסף",סדיר,עירוני,לא,כן,"באר שבע עירוני",הדרום,17514
6,"דן באר שבע",1,0,39006,"באר שבע","באר שבע","ת.מרכזית/עירוניים לדרום - ""דיקלה/מסוף י""""א""",10.4,29,84,455,עירוני,"מקומי מאסף",סדיר,עירוני,לא,כן,"באר שבע עירוני",הדרום,17643
6,"דן באר שבע",2,0,39006,"באר שבע","באר שבע","""מסוף י""""א"" - ת.מרכזית/עירוניים לצפון",10.4,29,91,499,עירוני,"מקומי מאסף",סדיר,עירוני,לא,כן,"באר שבע עירוני",הדרום,17644
7,"דן באר שבע",1,0,35007,"באר שבע","באר שבע","מסוף חצרים - אצטדיון טרנר",12.9,37,99,568,עירוני,"מקומי מאסף",סדיר,עירוני,לא,כן,"באר שבע עירוני",הדרום,17515
7,"דן באר שבע",2,0,35007,"באר שבע","באר שבע","אצטדיון טרנר - מסוף חצרים",13.2,36,100,574,עירוני,"מקומי מאסף",סדיר,עירוני,לא,כן,"באר שבע עירוני",הדרום,17516
8,"דן באר שבע",1,0,38008,"באר שבע","באר שבע","""מסוף י""""א"" - אצטדיון טרנר",13.2,39,95,535,עירוני,"מקומי מאסף",סדיר,עירוני,לא,כן,"באר שבע עירוני",הדרום,17517
8,"דן באר שבע",2,0,38008,"באר שבע","באר שבע","אצטדיון טרנר - ""דיקלה/מסוף י""""א""",12.2,37,99,560,עירוני,"מקומי מאסף",סדיר,עירוני,לא,כן,"באר שבע עירוני",הדרום,17518
9,"דן באר שבע",1,0,30009,"באר שבע","באר שבע","ת.מרכזית/עירוניים לדרום - ""דיקלה/מסוף י""""א""",7.7,23,91,517,עירוני,"מקומי מאסף",סדיר,עירוני,לא,כן,"באר שבע עירוני",הדרום,17553
9,"דן באר שבע",1,1,30009,"באר שבע","באר שבע","ת.מרכזית/עירוניים לדרום - ""דיקלה/מסוף י""""א""",6.6,20,32,175,עירוני,"מקומי מאסף",סדיר,עירוני,לא,כן,"באר שבע עירוני",הדרום,19459
9,"דן באר שבע",2,0,30009,"באר שבע","באר שבע","""מסוף י""""א"" - ת.מרכזית/עירוניים לצפון",8.1,23,97,554,עירוני,"מקומי מאסף",סדיר,עירוני,לא,כן,"באר שבע עירוני",הדרום,17554
9,"דן באר שבע",2,1,30009,"באר שבע","באר שבע","""מסוף י""""א"" - ת.מרכזית/עירוניים לדרום",6.4,20,35,186,עירוני,"מקומי מאסף",סדיר,עירוני,לא,כן,"באר שבע עירוני",הדרום,19179
10,מטרו,1,#,27010,"באר שבע","תל שבע","ת.מרכזית באר שבע/רציפים בינעיר - אזור תעשיה תל שבע",11.9,19,30,168,אזורי,מאסף,סדיר,"בין עירוני",לא,לא,הנגב,הדרום,8206
10,מטרו,2,#,27010,"תל שבע","באר שבע","מגדל מים - ת.מרכזית באר שבע/הורדה",12.3,22,33,185,אזורי,מאסף,סדיר,"בין עירוני",לא,לא,הנגב,הדרום,8207
11,"דן באר שבע",1,0,67011,"באר שבע","באר שבע","אצטדיון טרנר - ת.מרכזית/עירוניים לדרום",19.7,47,43,243,עירוני,"מקומי מאסף",סדיר,עירוני,לא,כן,"באר שבע עירוני",הדרום,19410
11,"דן באר שבע",2,0,67011,"באר שבע","באר שבע","ת.מרכזית/עירוניים לצפון - אצטדיון טרנר",20.0,49,41,230,עירוני,"מקומי מאסף",סדיר,עירוני,לא,כן,"באר שבע עירוני",הדרום,19467
12,"דן באר שבע",1,0,39012,"באר שבע","באר שבע","ת.מרכזית/עירוניים לדרום - אצטדיון טרנר",8.8,26,87,491,עירוני,"מקומי מאסף",סדיר,עירוני,לא,כן,"באר שבע עירוני",הדרום,17555
12,"דן באר שבע",1,1,39012,"באר שבע","באר שבע","ת.מרכזית/עירוניים לדרום - אצטדיון טרנר",7.7,23,26,139,עירוני,"מקומי מאסף",סדיר,עירוני,לא,כן,"באר שבע עירוני",הדרום,19460
12,"דן באר שבע",2,0,39012,"באר שבע","באר שבע","אצטדיון טרנר - ת.מרכזית/עירוניים לצפון",9.1,25,63,363,עירוני,"מקומי מאסף",סדיר,עירוני,לא,כן,"באר שבע עירוני",הדרום,17556
12,"דן באר שבע",2,1,39012,"באר שבע","באר שבע","אצטדיון טרנר - ת.מרכזית/עירוניים לדרום",7.5,21,63,345,עירוני,"מקומי מאסף",סדיר,עירוני,לא,כן,"באר שבע עירוני",הדרום,19182
13,"דן באר שבע",1,0,33013,"באר שבע","באר שבע","מרכז ביג/המשק - מסוף חצרים",11.6,32,64,361,עירוני,"מקומי מאסף",סדיר,עירוני,לא,כן,"באר שבע עירוני",הדרום,17520
13,"דן באר שבע",2,0,33013,"באר שבע","באר שבע","מסוף חצרים - מרכז ביג/המשק",11.5,28,65,368,עירוני,"מקומי מאסף",סדיר,עירוני,לא,כן,"באר שבע עירוני",הדרום,17521
14,"דן באר שבע",1,0,33014,"באר שבע","באר שבע","""ת. רכבת ב""""ש צפון"" - שד. הצנחנים / צבי בן יעקב",14.2,36,42,233,עירוני,"מקומי מאסף",סדיר,עירוני,לא,כן,"באר שבע עירוני",הדרום,17523
14,"דן באר שבע",1,1,33014,"באר שבע","באר שבע","""ת. רכבת ב""""ש צפון"" - חניון רכב כבד/הבונים",19.5,42,16,88,עירוני,"מקומי מאסף",סדיר,עירוני,לא,כן,"באר שבע עירוני",הדרום,178
14,"דן באר שבע",2,0,33014,"באר שבע","באר שבע","שד. הצנחנים / צבי בן יעקב - ""ת. רכבת ב""""ש צפון""",14.5,39,47,262,עירוני,"מקומי מאסף",סדיר,עירוני,לא,כן,"באר שבע עירוני",הדרום,17524
14,"דן באר שבע",2,1,33014,"באר שבע","באר שבע","חניון רכב כבד/הבונים - ""ת. רכבת ב""""ש צפון""",18.8,43,15,82,עירוני,"מקומי מאסף",סדיר,עירוני,לא,כן,"באר שבע עירוני",הדרום,180
15,מטרו,1,#,72015,"באר שבע","תל שבע","ת.מרכזית באר שבע/רציפים בינעיר - אזור תעשיה תל שבע",19.2,36,4,23,בין-עירוני,מאסף,סדיר,"בין עירוני",לא,לא,הנגב,הדרום,20210
15,מטרו,2,#,72015,"תל שבע","באר שבע","מגדל מים - ת.מרכזית באר שבע/הורדה",19.1,36,6,33,בין-עירוני,מאסף,סדיר,"בין עירוני",לא,לא,הנגב,הדרום,20211
16,"דן באר שבע",1,0,32016,"באר שבע","באר שבע","""מסוף י""""א"" - מרכז ביג/המשק",11.6,29,54,302,עירוני,"מקומי מאסף",סדיר,עירוני,לא,כן,"באר שבע עירוני",הדרום,17570
16,"דן באר שבע",1,1,32016,"באר שבע","באר שבע","כפר האירוסים/דרך אילן רמון - מרכז ביג/המשק",12.6,30,7,45,עירוני,"מקומי מאסף",סדיר,עירוני,לא,כן,"באר שבע עירוני",הדרום,185
16,"דן באר שבע",2,0,32016,"באר שבע","באר שבע","מרכז ביג/המשק - ""מסוף י""""א""",11.4,30,49,272,עירוני,"מקומי מאסף",סדיר,עירוני,לא,כן,"באר שבע עירוני",הדרום,17573
16,"דן באר שבע",2,1,32016,"באר שבע","באר שבע","מרכז ביג/המשק - מכללה טכנולוגית חיל האוויר/דרך",12.5,31,8,51,עירוני,"מקומי מאסף",סדיר,עירוני,לא,כן,"באר שבע עירוני",הדרום,187
17,"דן באר שבע",1,0,30017,"באר שבע","באר שבע","ת.מרכזית/עירוניים לדרום - הברזל/הזורע",5.0,13,26,140,עירוני,"מקומי מאסף",סדיר,עירוני,לא,כן,"באר שבע עירוני",הדרום,17577
17,"דן באר שבע",2,0,30017,"באר שבע","באר שבע","הברזל/החורש - ת.מרכזית/עירוניים לצפון",5.1,14,21,115,עירוני,"מקומי מאסף",סדיר,עירוני,לא,כן,"באר שבע עירוני",הדרום,17579
18,"דן באר שבע",1,0,31018,"באר שבע","באר שבע","ת.מרכזית/עירוניים לדרום - ""דיקלה/מסוף י""""א""",9.2,22,50,280,עירוני,"מקומי מאסף",סדיר,עירוני,לא,כן,"באר שבע עירוני",הדרום,17525
18,"דן באר שבע",1,1,31018,"באר שבע","באר שבע","ת.מרכזית/עירוניים לדרום - ""דיקלה/מסוף י""""א""",9.2,24,2,12,עירוני,"מקומי מאסף",סדיר,עירוני,לא,כן,"באר שבע עירוני",הדרום,28740
18,"דן באר שבע",2,0,31018,"באר שבע","באר שבע","""מסוף י""""א"" - ת.מרכזית/עירוניים לצפון",8.9,24,55,310,עירוני,"מקומי מאסף",סדיר,עירוני,לא,כן,"באר שבע עירוני",הדרום,17526
18,"דן באר שבע",2,1,31018,"באר שבע","באר שבע","""מסוף י""""א"" - ת.מרכזית/עירוניים לצפון",8.7,22,2,12,עירוני,"מקומי מאסף",סדיר,עירוני,לא,כן,"באר שבע עירוני",הדרום,195
20,מטרו,1,#,24020,"באר שבע",כסיפה,"ת.מרכזית באר שבע/רציפים בינעיר - בי''ס בבנייה",37.9,28,27,146,בין-עירוני,מאסף,סדיר,"בין עירוני",לא,לא,הנגב,הדרום,8208
20,מטרו,1,1,24020,"באר שבע",כסיפה,"הברזל/החורש - בי''ס בבנייה",43.0,37,2,10,בין-עירוני,מאסף,סדיר,"בין עירוני",לא,לא,הנגב,הדרום,17355
20,מטרו,2,#,24020,כסיפה,"באר שבע","""בי""""ס אלמותנבי"" - ת.מרכזית באר שבע/הורדה",39.3,27,33,179,בין-עירוני,מאסף,סדיר,"בין עירוני",לא,לא,הנגב,הדרום,8209
20,מטרו,2,1,24020,כסיפה,"באר שבע","""בי""""ס אלמותנבי"" - הברזל/הזורע",43.7,41,1,5,בין-עירוני,מאסף,סדיר,"בין עירוני",לא,לא,הנגב,הדרום,17356
21,מטרו,1,#,35021,"באר שבע",דריג'את,"ת.מרכזית באר שבע/רציפים בינעיר - דריג'את",43.2,32,8,43,בין-עירוני,מאסף,סדיר,"בין עירוני",לא,לא,הנגב,הדרום,11129
21,מטרו,2,#,35021,דריג'את,"באר שבע","דריג'את - ת.מרכזית באר שבע/הורדה",42.2,32,8,43,בין-עירוני,מאסף,סדיר,"בין עירוני",לא,לא,הנגב,הדרום,11130
22,"דן באר שבע",1,0,27022,"באר שבע","באר שבע","ת.מרכזית/עירוניים לדרום - אצטדיון טרנר",14.3,41,72,400,עירוני,"מקומי מאסף",סדיר,עירוני,לא,כן,"באר שבע עירוני",הדרום,17531
22,"דן באר שבע",2,0,27022,"באר שבע","באר שבע","אצטדיון טרנר - ת.מרכזית/עירוניים לצפון",14.3,39,74,415,עירוני,"מקומי מאסף",סדיר,עירוני,לא,כן,"באר שבע עירוני",הדרום,17532
23,"דן באר שבע",1,0,25023,"באר שבע","באר שבע","ת.מרכזית/עירוניים לצפון - ""גשר ת. רכבת ב""""ש צפון/התבונה""",12.2,30,47,252,עירוני,"מקומי מאסף",סדיר,עירוני,לא,כן,"באר שבע עירוני",הדרום,17534
23,"דן באר שבע",2,0,25023,"באר שבע","באר שבע","""גשר ת. רכבת ב""""ש צפון/התבונה"" - ת.מרכזית/עירוניים לדרום",13.2,30,47,255,עירוני,"מקומי מאסף",סדיר,עירוני,לא,כן,"באר שבע עירוני",הדרום,17535
24,"דן באר שבע",1,0,23024,"באר שבע","באר שבע","ת.מרכזית/עירוניים לצפון - מסוף רמות",13.2,33,59,336,עירוני,"מקומי מאסף",סדיר,עירוני,לא,כן,"באר שבע עירוני",הדרום,17537
24,"דן באר שבע",2,0,23024,"באר שבע","באר שבע","מסוף רמות - ת.מרכזית/עירוניים לצפון",12.9,33,63,361,עירוני,"מקומי מאסף",סדיר,עירוני,לא,כן,"באר שבע עירוני",הדרום,17538
25,"דן באר שבע",1,0,21025,"באר שבע","באר שבע","מסוף חצרים - מרכז ביג/המשק",16.9,44,76,434,עירוני,"מקומי מאסף",סדיר,עירוני,לא,כן,"באר שבע עירוני",הדרום,17545
25,"דן באר שבע",2,0,21025,"באר שבע","באר שבע","מרכז ביג/המשק - מסוף חצרים",17.0,49,69,392,עירוני,"מקומי מאסף",סדיר,עירוני,לא,כן,"באר שבע עירוני",הדרום,17546
26,מטרו,1,#,20026,"באר שבע",אשכולות,"ת.מרכזית באר שבע/רציפים בינעיר - אשכולות/מזכירות",47.8,35,6,33,בין-עירוני,מאסף,סדיר,"בין עירוני",לא,לא,הנגב,הדרום,7951
26,מטרו,2,#,20026,אשכולות,"באר שבע","אשכולות/מזכירות - ת.מרכזית באר שבע/הורדה",48.1,35,6,33,בין-עירוני,מאסף,סדיר,"בין עירוני",לא,לא,הנגב,הדרום,7953
27,"דן באר שבע",1,0,45027,"באר שבע","באר שבע","ת.מרכזית/עירוניים לדרום - מכללה טכנולוגית חיל האוויר/דרך",6.4,17,28,167,עירוני,"מקומי מאסף",סדיר,עירוני,לא,כן,"באר שבע עירוני",הדרום,27981
27,"דן באר שבע",1,1,45027,"באר שבע","באר שבע","הברזל/החורש - מכללה טכנולוגית חיל האוויר/דרך",12.1,31,19,95,עירוני,"מקומי מאסף",סדיר,עירוני,לא,כן,"באר שבע עירוני",הדרום,27982
27,"דן באר שבע",2,0,45027,"באר שבע","באר שבע","מכללה טכנולוגית חיל האוויר/דרך - ת.מרכזית/עירוניים לצפון",6.8,19,30,178,עירוני,"מקומי מאסף",סדיר,עירוני,לא,כן,"באר שבע עירוני",הדרום,27983
27,"דן באר שבע",2,1,45027,"באר שבע","באר שבע","מכללה טכנולוגית חיל האוויר/דרך - הברזל/הזורע",12.4,31,19,95,עירוני,"מקומי מאסף",סדיר,עירוני,לא,כן,"באר שבע עירוני",הדרום,27984
28,מטרו,2,#,22028,מיתר,"באר שבע","צומת מיתר - ת.מרכזית באר שבע/הורדה",27.3,37,2,11,בין-עירוני,מאסף,סדיר,"בין עירוני",לא,לא,הנגב,הדרום,7970
28,מטרו,3,#,22028,"באר שבע","באר שבע","ת.מרכזית באר שבע/רציפים בינעיר - ת.מרכזית באר שבע/הורדה",45.3,54,13,78,בין-עירוני,מאסף,סדיר,"בין עירוני",לא,לא,הנגב,הדרום,7975
28,מטרו,3,4,22028,"באר שבע","באר שבע","ת.מרכזית באר שבע/רציפים בינעיר - ת.מרכזית באר שבע/הורדה",48.1,55,6,30,בין-עירוני,מאסף,סדיר,"בין עירוני",לא,לא,הנגב,הדרום,13444
29,"דן באר שבע",1,0,42029,"באר שבע","באר שבע","מסוף חצרים - מרכז ביג/המשק",10.7,24,52,290,עירוני,"מקומי מאסף",סדיר,עירוני,לא,כן,"באר שבע עירוני",הדרום,29678
29,"דן באר שבע",2,0,42029,"באר שבע","באר שבע","מרכז ביג/המשק - מסוף חצרים",10.7,27,50,278,עירוני,"מקומי מאסף",סדיר,עירוני,לא,כן,"באר שבע עירוני",הדרום,29679
30,מטרו,1,#,21030,"באר שבע",לקיה,"ת.מרכזית באר שבע/רציפים בינעיר - בית הקשתות",22.7,24,21,116,בין-עירוני,מאסף,סדיר,"בין עירוני",לא,לא,הנגב,הדרום,8212
30,מטרו,1,1,21030,"באר שבע",לקיה,"הברזל/החורש - בית הקשתות",27.6,35,1,5,בין-עירוני,מאסף,סדיר,"בין עירוני",לא,לא,הנגב,הדרום,20235
30,מטרו,1,2,21030,"באר שבע",לקיה,"ת.מרכזית באר שבע/רציפים בינעיר - בית הקשתות",24.6,29,8,40,בין-עירוני,מאסף,סדיר,"בין עירוני",לא,לא,הנגב,הדרום,25702
30,מטרו,2,#,21030,לקיה,"באר שבע","בית הקשתות - ת.מרכזית באר שבע/הורדה",22.2,24,14,83,בין-עירוני,מאסף,סדיר,"בין עירוני",לא,לא,הנגב,הדרום,8213
30,מטרו,2,1,21030,לקיה,"באר שבע","בית הקשתות - הברזל/הזורע",26.5,36,1,5,בין-עירוני,מאסף,סדיר,"בין עירוני",לא,לא,הנגב,הדרום,20236
30,מטרו,2,2,21030,לקיה,"באר שבע","בית הקשתות - ת.מרכזית באר שבע/הורדה",23.7,30,13,65,בין-עירוני,מאסף,סדיר,"בין עירוני",לא,לא,הנגב,הדרום,25703
32,"דן באר שבע",1,0,23032,"באר שבע","באר שבע","ת.מרכזית/עירוניים לדרום - חניון רכב כבד/הבונים",4.7,11,49,264,עירוני,"מקומי מאסף",סדיר,עירוני,לא,כן,"באר שבע עירוני",הדרום,17557
32,"דן באר שבע",2,0,23032,"באר שבע","באר שבע","חניון רכב כבד/הבונים - ת.מרכזית/עירוניים לצפון",4.5,11,44,226,עירוני,"מקומי מאסף",סדיר,עירוני,לא,כן,"באר שבע עירוני",הדרום,17558
33,"דן באר שבע",1,0,57033,"באר שבע","באר שבע","""מסוף י""""א"" - חניון רכב כבד/הבונים",15.7,34,53,305,עירוני,"מקומי מאסף",סדיר,עירוני,לא,כן,"באר שבע עירוני",הדרום,29703
33,"דן באר שבע",2,0,57033,"באר שבע","באר שבע","חניון רכב כבד/הבונים - ""דיקלה/מסוף י""""א""",15.5,34,51,293,עירוני,"מקומי מאסף",סדיר,עירוני,לא,כן,"באר שבע עירוני",הדרום,29677
33,"דן באר שבע",2,1,57033,"באר שבע","באר שבע","חניון רכב כבד/הבונים - ""דיקלה/מסוף י""""א""",13.7,28,1,6,עירוני,"מקומי מאסף",סדיר,עירוני,לא,כן,"באר שבע עירוני",הדרום,31272
34,"דן באר שבע",1,0,20034,"באר שבע","באר שבע","ת.מרכזית/עירוניים לצפון - מסוף רמות",17.0,39,55,311,עירוני,"מקומי מאסף",סדיר,עירוני,לא,כן,"באר שבע עירוני",הדרום,17547
34,"דן באר שבע",2,0,20034,"באר שבע","באר שבע","מסוף רמות - ת.מרכזית/עירוניים לצפון",16.3,41,56,316,עירוני,"מקומי מאסף",סדיר,עירוני,לא,כן,"באר שבע עירוני",הדרום,17548
35,"דן דרום",1,#,13035,"באר שבע",אשכול,"ת.מרכזית באר שבע/רציפים בינעיר - מסוף מועצה אזורית אשכול/רציפים",45.7,34,6,34,בין-עירוני,מאסף,סדיר,"בין עירוני",כן,לא,"צפון הנגב",הדרום,1802
35,"דן דרום",1,3,13035,"באר שבע",אשכול,"ת.מרכזית באר שבע/רציפים בינעיר - מסוף מועצה אזורית אשכול/רציפים",49.4,36,5,30,בין-עירוני,מאסף,סדיר,"בין עירוני",כן,לא,"צפון הנגב",הדרום,17134
35,"דן דרום",2,#,13035,אשכול,"באר שבע","מסוף מועצה אזורית אשכול/רציפים - ת.מרכזית באר שבע/הורדה",45.8,33,7,37,בין-עירוני,מאסף,סדיר,"בין עירוני",כן,לא,"צפון הנגב",הדרום,1806
35,"דן דרום",2,2,13035,אשכול,"באר שבע","מסוף מועצה אזורית אשכול/רציפים - ת.מרכזית באר שבע/הורדה",46.3,33,'-,6,בין-עירוני,מאסף,סדיר,"בין עירוני",כן,לא,"צפון הנגב",הדרום,1807
35,"דן דרום",2,3,13035,אשכול,"באר שבע","מסוף מועצה אזורית אשכול/רציפים - ת.מרכזית באר שבע/הורדה",49.5,36,3,15,בין-עירוני,מאסף,סדיר,"בין עירוני",כן,לא,"צפון הנגב",הדרום,1808
36,מטרו,1,#,26036,"באר שבע","ביר הדאג'","ת.מרכזית באר שבע/רציפים בינעיר - תיכון אורט",43.9,31,6,32,אזורי,מאסף,סדיר,"בין עירוני",לא,כן,הנגב,הדרום,15271
36,מטרו,1,1,26036,"באר שבע","ביר הדאג'","ת.מרכזית באר שבע/רציפים בינעיר - תיכון אורט",49.7,32,1,6,אזורי,מאסף,סדיר,"בין עירוני",לא,לא,הנגב,הדרום,30779
36,מטרו,2,#,26036,"ביר הדאג'","באר שבע","תיכון אורט - ת.מרכזית באר שבע/הורדה",46.9,32,6,32,אזורי,מאסף,סדיר,"בין עירוני",לא,כן,הנגב,הדרום,15272
36,מטרו,2,1,26036,"ביר הדאג'","באר שבע","תיכון אורט - ת.מרכזית באר שבע/הורדה",50.7,33,1,6,אזורי,מאסף,סדיר,"בין עירוני",לא,כן,הנגב,הדרום,28125
37,מטרו,1,#,17037,"באר שבע",עומר,"ת.מרכזית באר שבע/רציפים בינעיר - תמר/חצב",18.7,38,3,15,אזורי,מאסף,סדיר,"בין עירוני",לא,לא,הנגב,הדרום,7979
37,מטרו,2,1,17037,עומר,"באר שבע","תמר/חצב - ת.מרכזית באר שבע/הורדה",20.1,46,1,5,אזורי,מאסף,סדיר,"בין עירוני",לא,לא,הנגב,הדרום,7983
37,מטרו,3,#,17037,"באר שבע","באר שבע","ת.מרכזית באר שבע/רציפים בינעיר - ת.מרכזית באר שבע/הורדה",26.1,52,18,103,אזורי,מאסף,סדיר,"בין עירוני",לא,לא,הנגב,הדרום,7985
37,מטרו,3,3,17037,"באר שבע","באר שבע","ת.מרכזית באר שבע/רציפים בינעיר - ת.מרכזית באר שבע/הורדה",28.4,54,2,13,אזורי,מאסף,סדיר,"בין עירוני",לא,לא,הנגב,הדרום,20242
40,"דן דרום",1,#,31040,"באר שבע",מרחבים,"ת.מרכזית באר שבע/רציפים בינעיר - מחנה חצרים",16.1,21,7,35,אזורי,מאסף,סדיר,"בין עירוני",לא,לא,"צפון הנגב",הדרום,16618
40,"דן דרום",2,#,31040,מרחבים,"באר שבע","מחנה חצרים - ת.מרכזית באר שבע/הורדה",16.4,20,8,40,אזורי,מאסף,סדיר,"בין עירוני",לא,לא,"צפון הנגב",הדרום,16619
41,"דן דרום",1,#,26041,"באר שבע",מרחבים,"ת.מרכזית באר שבע/רציפים בינעיר - מחנה חצרים",15.2,20,10,58,אזורי,מאסף,סדיר,"בין עירוני",לא,לא,"צפון הנגב",הדרום,16620
41,"דן דרום",2,#,26041,מרחבים,"באר שבע","מחנה חצרים - ת.מרכזית באר שבע/הורדה",15.6,19,6,37,אזורי,מאסף,סדיר,"בין עירוני",לא,לא,"צפון הנגב",הדרום,16622
44,מטרו,1,#,19044,"באר שבע","ניצני סיני","ת.מרכזית באר שבע/רציפים בינעיר - קדש ברנע",96.8,40,5,32,אזורי,מאסף,סדיר,"בין עירוני",כן,לא,הנגב,הדרום,7988
44,מטרו,2,#,19044,"ניצני סיני","באר שבע","קדש ברנע - ת.מרכזית באר שבע/הורדה",99.4,38,4,23,אזורי,מאסף,סדיר,"בין עירוני",כן,לא,הנגב,הדרום,8004
45,מטרו,1,#,21045,"באר שבע","כפר רתמים","ת.מרכזית באר שבע/רציפים בינעיר - רתמים   מרכז",47.3,29,7,39,אזורי,מאסף,סדיר,"בין עירוני",כן,לא,הנגב,הדרום,8025
45,מטרו,2,#,21045,"כפר רתמים","באר שבע","רתמים   מרכז - ת.מרכזית באר שבע/הורדה",47.4,29,1,6,אזורי,מאסף,סדיר,"בין עירוני",כן,לא,הנגב,הדרום,8034
45,מטרו,2,4,21045,"כפר רתמים","באר שבע","רתמים   מרכז - ת.מרכזית באר שבע/הורדה",47.3,28,6,33,אזורי,מאסף,סדיר,"בין עירוני",כן,לא,הנגב,הדרום,8038
46,מטרו,3,#,18046,"באר שבע","באר שבע","ת.מרכזית באר שבע/רציפים בינעיר - ת.מרכזית באר שבע/הורדה",11.3,16,8,42,אזורי,מאסף,סדיר,"בין עירוני",לא,לא,הנגב,הדרום,8045
47,"דן דרום",1,#,14047,"באר שבע",להבים,"ת.מרכזית באר שבע/רציפים בינעיר - ת. רכבת להבים רהט",26.1,32,16,89,בין-עירוני,מהיר,סדיר,"בין עירוני",לא,לא,"צפון הנגב",הדרום,16542
47,"דן דרום",2,#,14047,להבים,"באר שבע","ת. רכבת להבים רהט - ת.מרכזית באר שבע/הורדה",26.9,31,16,89,בין-עירוני,מהיר,סדיר,"בין עירוני",לא,לא,"צפון הנגב",הדרום,16543
48,אגד,1,#,14048,"באר שבע",דימונה,"ת.מרכזית באר שבע/רציפים בינעיר - שוק עירוני",43.2,35,50,278,בין-עירוני,ישיר,סדיר,"בין עירוני",כן,לא,"אשכול דרומי",הדרום,7361
48,אגד,1,פ,14048,"באר שבע",דימונה,"ת.מרכזית באר שבע/רציפים בינעיר - שוק עירוני",45.8,40,1,6,בין-עירוני,ישיר,תלמידים,"בין עירוני",כן,לא,"אשכול דרומי",הדרום,7363
48,אגד,2,#,14048,דימונה,"באר שבע","שוק עירוני - ת.מרכזית באר שבע/הורדה",42.4,31,45,269,בין-עירוני,ישיר,סדיר,"בין עירוני",כן,לא,"אשכול דרומי",הדרום,7364
49,אגד,1,#,14049,"באר שבע",דימונה,"אצטדיון טרנר - שוק עירוני",52.6,59,12,61,בין-עירוני,מאסף,סדיר,"בין עירוני",לא,לא,"אשכול דרומי",הדרום,21344
49,אגד,2,א,14049,דימונה,"באר שבע","שוק עירוני - אצטדיון טרנר",53.4,58,17,88,בין-עירוני,מאסף,סדיר,"בין עירוני",לא,לא,"אשכול דרומי",הדרום,7367
50,מטרו,1,#,19050,"באר שבע","ערערה בנגב","יהושע הצורף - בית ספר לחינוך מיוחד",34.6,33,29,157,בין-עירוני,מאסף,סדיר,"בין עירוני",לא,לא,הנגב,הדרום,8218
50,מטרו,2,#,19050,"ערערה בנגב","באר שבע","בית ספר לחינוך מיוחד - יהושע הצורף/יהודה הנחתום",33.4,35,29,159,בין-עירוני,מאסף,סדיר,"בין עירוני",לא,לא,הנגב,הדרום,8219
50,מטרו,2,1,19050,"ערערה בנגב","באר שבע","בית ספר לחינוך מיוחד - יהודה הלוי/אבן עזרא",35.3,33,2,10,בין-עירוני,מאסף,סדיר,"בין עירוני",לא,לא,הנגב,הדרום,26513
54,מטרו,3,#,19054,"באר שבע","באר שבע","ת.מרכזית באר שבע/רציפים בינעיר - ת.מרכזית באר שבע/הורדה",26.1,30,4,20,אזורי,מאסף,סדיר,"בין עירוני",לא,לא,הנגב,הדרום,8050
56,אגד,1,#,15056,"באר שבע",דימונה,"ת.מרכזית באר שבע/רציפים בינעיר - שוק עירוני",43.2,42,14,78,בין-עירוני,מאסף,סדיר,"בין עירוני",לא,לא,"אשכול דרומי",הדרום,7369
56,אגד,1,א,15056,"באר שבע",דימונה,"ת.מרכזית באר שבע/רציפים בינעיר - שוק עירוני",44.2,45,3,20,בין-עירוני,מאסף,סדיר,"בין עירוני",לא,לא,"אשכול דרומי",הדרום,7370
56,אגד,2,#,15056,דימונה,"באר שבע","שוק עירוני - ת.מרכזית באר שבע/הורדה",42.4,38,14,76,בין-עירוני,מאסף,סדיר,"בין עירוני",לא,לא,"אשכול דרומי",הדרום,7371
57,"דן דרום",1,#,24057,"באר שבע",לכיש,"ת.מרכזית באר שבע/רציפים בינעיר - מחנה שומריה (שפיפון)",48.9,17,6,32,בין-עירוני,מאסף,סדיר,"בין עירוני",לא,לא,"צפון הנגב",הדרום,16647
57,"דן דרום",2,#,24057,לכיש,"באר שבע","מחנה שומריה (שפיפון) - ת.מרכזית באר שבע/הורדה",50.2,16,6,32,בין-עירוני,מאסף,סדיר,"בין עירוני",לא,לא,"צפון הנגב",הדרום,16648
59,מטרו,1,#,16059,"באר שבע",כסיפה,"ת.מרכזית באר שבע/רציפים בינעיר - מחנה נבטים",42.8,3,8,54,בין-עירוני,מאסף,סדיר,"בין עירוני",לא,לא,הנגב,הדרום,8072
59,מטרו,2,#,16059,כסיפה,"באר שבע","מחנה נבטים - ת.מרכזית באר שבע/הורדה",42.5,3,8,52,בין-עירוני,מאסף,סדיר,"בין עירוני",לא,לא,הנגב,הדרום,8073
60,מטרו,1,#,23060,"באר שבע","מצפה רמון","ת.מרכזית באר שבע/רציפים בינעיר - מרכז מסחרי/מצפה רמון",110.5,53,7,38,בין-עירוני,מאסף,סדיר,"בין עירוני",לא,לא,הנגב,הדרום,11750
60,מטרו,1,1,23060,"באר שבע","מצפה רמון","ת.מרכזית באר שבע/רציפים בינעיר - מרכז מסחרי/מצפה רמון",112.2,54,1,5,בין-עירוני,מאסף,סדיר,"בין עירוני",לא,לא,הנגב,הדרום,16749
60,מטרו,2,#,23060,"מצפה רמון","באר שבע","מרכז תפוח - ת.מרכזית באר שבע/הורדה",110.7,54,8,45,בין-עירוני,מאסף,סדיר,"בין עירוני",לא,לא,הנגב,הדרום,11751
60,מטרו,2,1,23060,"מצפה רמון","באר שבע","מרכז תפוח - ת.מרכזית באר שבע/הורדה",112.3,55,1,5,בין-עירוני,מאסף,סדיר,"בין עירוני",לא,לא,הנגב,הדרום,16750
60,מטרו,2,9,23060,"רמת הנגב","באר שבע","צומת מחנה משאבים - ת.מרכזית באר שבע/הורדה",32.8,18,'-,2,בין-עירוני,מאסף,סדיר,"בין עירוני",לא,לא,הנגב,הדרום,11754
62,מטרו,1,#,20062,"באר שבע",חורה,"ת.מרכזית באר שבע/רציפים בינעיר - אלסלאם/אלתקוא",25.7,31,26,142,בין-עירוני,מאסף,סדיר,"בין עירוני",לא,לא,הנגב,הדרום,8230
62,מטרו,1,1,20062,"באר שבע",חורה,"הברזל/החורש - אלסלאם/אלתקוא",30.9,42,3,15,בין-עירוני,מאסף,סדיר,"בין עירוני",לא,לא,הנגב,הדרום,8231
62,מטרו,2,#,20062,חורה,"באר שבע","אלסלאם/אלתקוא - ת.מרכזית באר שבע/הורדה",25.3,31,28,153,בין-עירוני,מאסף,סדיר,"בין עירוני",לא,לא,הנגב,הדרום,8232
62,מטרו,2,1,20062,חורה,"באר שבע","אלסלאם/אלתקוא - הברזל/הזורע",29.7,43,3,15,בין-עירוני,מאסף,סדיר,"בין עירוני",לא,לא,הנגב,הדרום,8233
64,מטרו,1,#,22064,"באר שבע","מצפה רמון","ת.מרכזית באר שבע/רציפים בינעיר - מרכז מסחרי/מצפה רמון",91.5,53,10,70,בין-עירוני,מאסף,סדיר,"בין עירוני",כן,לא,הנגב,הדרום,11057
64,מטרו,2,#,22064,"מצפה רמון","באר שבע","מרכז תפוח - ת.מרכזית באר שבע/הורדה",91.8,54,9,63,בין-עירוני,מאסף,סדיר,"בין עירוני",כן,לא,הנגב,הדרום,11058
64,מטרו,2,3,22064,"מצפה רמון","באר שבע","""בי""""ס שדה הר הנגב"" - ת.מרכזית באר שבע/הורדה",94.9,53,1,6,בין-עירוני,מאסף,סדיר,"בין עירוני",כן,לא,הנגב,הדרום,28602
65,מטרו,1,#,18065,"באר שבע","מצפה רמון","ת.מרכזית באר שבע/רציפים בינעיר - מרכז מסחרי/מצפה רמון",85.5,49,11,53,בין-עירוני,מאסף,סדיר,"בין עירוני",לא,לא,הנגב,הדרום,10870
65,מטרו,1,1,18065,"באר שבע","מצפה רמון","מרפאות חוץ סורוקה/אוניברסיטת ב - מרכז מסחרי/מצפה רמון",88.5,52,3,15,בין-עירוני,מאסף,סדיר,"בין עירוני",לא,לא,הנגב,הדרום,20612
65,מטרו,2,#,18065,"מצפה רמון","באר שבע","מרכז תפוח - ת.מרכזית באר שבע/הורדה",85.8,51,11,58,בין-עירוני,מאסף,סדיר,"בין עירוני",לא,לא,הנגב,הדרום,10871
65,מטרו,2,1,18065,"מצפה רמון","באר שבע","מרכז תפוח - מרכז רפואי סורוקה/בן גוריון",88.0,56,2,10,בין-עירוני,מאסף,סדיר,"בין עירוני",לא,לא,הנגב,הדרום,10872
67,מטרו,1,#,16067,"באר שבע","קסר א סיר","יהושע הצורף - קאסר א סיר 1",47.0,31,7,39,בין-עירוני,מאסף,סדיר,"בין עירוני",לא,לא,הנגב,הדרום,10847
67,מטרו,2,#,16067,"קסר א סיר","באר שבע","קאסר א סיר 3 - יהושע הצורף/יהודה הנחתום",46.1,36,7,38,בין-עירוני,מאסף,סדיר,"בין עירוני",לא,לא,הנגב,הדרום,10848
68,מטרו,1,#,15068,"באר שבע","רמת הנגב","ת.מרכזית באר שבע/רציפים בינעיר - כלא נפחא",68.5,2,1,6,בין-עירוני,ישיר,סדיר,"בין עירוני",לא,לא,הנגב,הדרום,11726
68,מטרו,2,#,15068,"רמת הנגב","באר שבע","כלא נפחא - ת.מרכזית באר שבע/הורדה",68.6,2,1,6,בין-עירוני,ישיר,סדיר,"בין עירוני",לא,לא,הנגב,הדרום,11727
70,מטרו,1,#,24070,"באר שבע","שגב שלום","יהושע הצורף - שכונה 4",14.6,21,30,163,אזורי,מאסף,סדיר,"בין עירוני",לא,לא,הנגב,הדרום,8222
70,מטרו,2,#,24070,"שגב שלום","באר שבע","שכונה 4 - יהושע הצורף/יהודה הנחתום",13.7,22,32,174,אזורי,מאסף,סדיר,"בין עירוני",לא,לא,הנגב,הדרום,8223
80,"דן באר שבע",1,0,43080,"באר שבע","באר שבע","""בה""""ס נתיבי עם/שדרות ירושלים"" - שושנה דמארי/עופרה חזה",10.3,11,2,11,עירוני,"מקומי מאסף",תלמידים,עירוני,לא,כן,"באר שבע עירוני",הדרום,17543
80,"דן באר שבע",1,1,43080,"באר שבע","באר שבע","""בי""""ס יפה נוף/נחום שריג"" - מכללה טכנולוגית חיל האוויר/דרך",10.7,18,1,5,עירוני,"מקומי מאסף",תלמידים,עירוני,לא,כן,"באר שבע עירוני",הדרום,26390
80,"דן באר שבע",2,0,43080,"באר שבע","באר שבע","שושנה דמארי/נעומי שמר - ""בה""""ס נתיבי עם/שדרות ירושלים""",11.5,13,1,6,עירוני,"מקומי מאסף",תלמידים,עירוני,לא,כן,"באר שבע עירוני",הדרום,17544
80,"דן באר שבע",2,1,43080,"באר שבע","באר שבע","מכללה טכנולוגית חיל האוויר/דרך - ""בי""""ס יפה נוף/נחום שריג""",10.7,18,1,5,עירוני,"מקומי מאסף",תלמידים,עירוני,לא,כן,"באר שבע עירוני",הדרום,26389
81,"דן באר שבע",1,0,39081,"באר שבע","באר שבע","שמעון אגרנט/יצחק ולבר - תיכון מקיף רגר/הנשיא הרצוג",4.2,9,1,5,עירוני,"מקומי מאסף",תלמידים,עירוני,לא,כן,"באר שבע עירוני",הדרום,17549
81,"דן באר שבע",2,0,39081,"באר שבע","באר שבע","תיכון מקיף רגר/הנשיא הרצוג - שמעון אגרנט/אברהם אבן שושן",4.7,11,2,10,עירוני,"מקומי מאסף",תלמידים,עירוני,לא,כן,"באר שבע עירוני",הדרום,19464
82,"דן באר שבע",1,0,61082,"באר שבע","באר שבע","שדרות אורי צבי גרינברג - ""אברבנאל/החיד""""א""",12.1,27,1,6,עירוני,"מקומי מאסף",תלמידים,עירוני,לא,כן,"באר שבע עירוני",הדרום,18050
112,"דן באר שבע",1,0,15112,"באר שבע","באר שבע","פארק נחל באר שבע/שלושת המצפים - ""דיקלה/מסוף י""""א""",17.1,41,8,40,עירוני,"מקומי מאסף",סדיר,עירוני,לא,כן,"באר שבע עירוני",הדרום,17559
112,"דן באר שבע",1,1,15112,"באר שבע","באר שבע","מחנה נתן/תוצרת הארץ - ""דיקלה/מסוף י""""א""",14.7,37,'-,19,עירוני,"מקומי מאסף",סדיר,עירוני,לא,כן,"באר שבע עירוני",הדרום,19465
112,"דן באר שבע",2,0,15112,"באר שבע","באר שבע","""מסוף י""""א"" - פארק נחל באר שבע/שלושת המצפים",16.5,38,7,35,עירוני,"מקומי מאסף",סדיר,עירוני,לא,כן,"באר שבע עירוני",הדרום,17560
112,"דן באר שבע",2,1,15112,"באר שבע","באר שבע","""מסוף י""""א"" - מחנה נתן/תוצרת הארץ",13.4,35,'-,17,עירוני,"מקומי מאסף",סדיר,עירוני,לא,כן,"באר שבע עירוני",הדרום,19466
130,"דן דרום",1,#,11130,"באר שבע",אשכול,"ת.מרכזית באר שבע/רציפים בינעיר - ""בא""""פ/מל""""י""",59.2,39,11,53,בין-עירוני,מאסף,סדיר,"בין עירוני",לא,לא,"צפון הנגב",הדרום,1863
130,"דן דרום",1,1,11130,"באר שבע",אשכול,"ת.מרכזית באר שבע/רציפים בינעיר - ""בא""""פ/מל""""י""",54.3,34,'-,20,בין-עירוני,מאסף,סדיר,"בין עירוני",לא,לא,"צפון הנגב",הדרום,16871
130,"דן דרום",2,#,11130,אשכול,"באר שבע","""בא""""פ/מל""""י"" - ת.מרכזית באר שבע/הורדה",59.0,36,9,50,בין-עירוני,מאסף,סדיר,"בין עירוני",לא,לא,"צפון הנגב",הדרום,1865
134,"דן דרום",1,#,12134,"באר שבע",פטיש,"ת.מרכזית באר שבע/רציפים בינעיר - הזית/החיטה",41.0,34,1,5,בין-עירוני,מאסף,סדיר,"בין עירוני",לא,לא,"צפון הנגב",הדרום,16567
134,"דן דרום",2,#,12134,פטיש,"באר שבע","הזית/החיטה - ת.מרכזית באר שבע/הורדה",41.3,34,1,6,בין-עירוני,מאסף,סדיר,"בין עירוני",לא,לא,"צפון הנגב",הדרום,16568
135,"דן דרום",1,#,18135,"באר שבע","בני נצרים","ת.מרכזית באר שבע/רציפים בינעיר - בני נצרים",72.8,48,1,5,בין-עירוני,מאסף,סדיר,"בין עירוני",לא,לא,"צפון הנגב",הדרום,16569
135,"דן דרום",2,#,18135,"בני נצרים","באר שבע","בני נצרים - ת.מרכזית באר שבע/הורדה",76.3,50,1,6,בין-עירוני,מאסף,סדיר,"בין עירוני",לא,לא,"צפון הנגב",הדרום,16570
140,מטרו,1,#,20140,"באר שבע","ניצני סיני","ת.מרכזית באר שבע/רציפים בינעיר - קדש ברנע",88.3,30,2,11,בין-עירוני,מאסף,סדיר,"בין עירוני",לא,לא,הנגב,הדרום,17145
140,מטרו,1,2,20140,"באר שבע",עזוז,"מרפאות חוץ סורוקה/אוניברסיטת ב - עזוז/מרכז",108.9,35,1,6,בין-עירוני,מאסף,סדיר,"בין עירוני",לא,לא,הנגב,הדרום,17147
140,מטרו,2,#,20140,"ניצני סיני","באר שבע","קדש ברנע - ת.מרכזית באר שבע/הורדה",87.8,29,2,11,בין-עירוני,מאסף,סדיר,"בין עירוני",לא,לא,הנגב,הדרום,17148
140,מטרו,2,1,20140,"ניצני סיני","באר שבע","קדש ברנע - מרכז רפואי סורוקה/בן גוריון",90.1,34,2,11,בין-עירוני,מאסף,סדיר,"בין עירוני",לא,לא,הנגב,הדרום,17149
140,מטרו,2,2,20140,עזוז,"באר שבע","עזוז/מרכז - ת.מרכזית באר שבע/הורדה",98.1,29,1,6,בין-עירוני,מאסף,סדיר,"בין עירוני",לא,לא,הנגב,הדרום,17360
142,מטרו,1,#,19142,"באר שבע","רמת הנגב","ת.מרכזית באר שבע/רציפים בינעיר - ""בא""""ח 84 גבעתי""",83.1,31,7,52,בין-עירוני,מאסף,סדיר,"בין עירוני",לא,לא,הנגב,הדרום,17150
142,מטרו,1,1,19142,"באר שבע","רמת הנגב","ת.מרכזית באר שבע/רציפים בינעיר - ""בא""""ח 84 גבעתי""",95.6,30,2,10,בין-עירוני,מאסף,סדיר,"בין עירוני",לא,לא,הנגב,הדרום,17151
142,מטרו,2,#,19142,"רמת הנגב","באר שבע","עוצבת אשל - ת.מרכזית באר שבע/הורדה",82.5,29,7,41,בין-עירוני,מאסף,סדיר,"בין עירוני",לא,לא,הנגב,הדרום,17152
142,מטרו,2,1,19142,"רמת הנגב","באר שבע","עוצבת אשל - ת.מרכזית באר שבע/הורדה",95.8,29,1,7,בין-עירוני,מאסף,סדיר,"בין עירוני",לא,לא,הנגב,הדרום,17153
142,מטרו,2,3,19142,"רמת הנגב","באר שבע","מחנה שבטה - ת.מרכזית באר שבע/הורדה",55.9,20,'-,3,בין-עירוני,מאסף,סדיר,"בין עירוני",לא,לא,הנגב,הדרום,20212
144,מטרו,1,#,12144,"באר שבע","רמת הנגב","ת.מרכזית באר שבע/רציפים בינעיר - כלא סהרונים",68.6,13,5,25,בין-עירוני,מאסף,סדיר,"בין עירוני",לא,לא,הנגב,הדרום,11826
144,מטרו,2,#,12144,"רמת הנגב","באר שבע","כלא סהרונים - ת.מרכזית באר שבע/הורדה",68.8,14,5,24,בין-עירוני,מאסף,סדיר,"בין עירוני",לא,לא,הנגב,הדרום,11827
150,מטרו,1,#,20150,"באר שבע",ירוחם,"ת.מרכזית באר שבע/רציפים בינעיר - ""שדרות ורדימון/ריה""""ל""",40.2,37,21,117,בין-עירוני,מאסף,סדיר,"בין עירוני",לא,לא,הנגב,הדרום,26156
150,מטרו,2,#,20150,ירוחם,"באר שבע","אסימוב/שדרות ורדימון - ת.מרכזית באר שבע/הורדה",40.9,36,32,165,בין-עירוני,מאסף,סדיר,"בין עירוני",לא,לא,הנגב,הדרום,26157
151,מטרו,1,#,23151,"באר שבע",ירוחם,"ת.מרכזית באר שבע/רציפים בינעיר - אסימוב/שדרות ורדימון",43.3,37,17,96,בין-עירוני,מאסף,סדיר,"בין עירוני",לא,לא,הנגב,הדרום,26158
151,מטרו,2,#,23151,ירוחם,"באר שבע","אסימוב/שדרות ורדימון - ת.מרכזית באר שבע/הורדה",44.4,35,15,90,בין-עירוני,מאסף,סדיר,"בין עירוני",לא,לא,הנגב,הדרום,26159
152,מטרו,1,#,16152,"באר שבע",ירוחם,"""גשר ת. רכבת ב""""ש צפון/התבונה"" - אסימוב/שדרות ורדימון",43.8,38,5,25,בין-עירוני,ישיר,סדיר,"בין עירוני",לא,לא,הנגב,הדרום,26200
152,מטרו,2,#,16152,ירוחם,"באר שבע","אסימוב/שדרות ורדימון - ""גשר ת. רכבת ב""""ש צפון/התבונה""",42.9,40,4,20,בין-עירוני,ישיר,סדיר,"בין עירוני",לא,לא,הנגב,הדרום,26160
153,מטרו,1,#,18153,"באר שבע","מרחב עם","ת.מרכזית באר שבע/רציפים בינעיר - מרחב עם",56.9,24,3,15,בין-עירוני,ישיר,סדיר,"בין עירוני",לא,לא,הנגב,הדרום,26368
153,מטרו,2,#,18153,"מרחב עם","באר שבע","מרחב עם - ת.מרכזית באר שבע/הורדה",57.8,23,2,10,בין-עירוני,ישיר,סדיר,"בין עירוני",לא,לא,הנגב,הדרום,26367
158,מטרו,1,#,12158,"באר שבע","רמת הנגב","ת.מרכזית באר שבע/רציפים בינעיר - מחנה צור",29.9,2,'-,12,בין-עירוני,ישיר,סדיר,"בין עירוני",לא,לא,הנגב,הדרום,11732
160,מטרו,1,#,14160,"באר שבע","מצפה רמון","ת.מרכזית באר שבע/רציפים בינעיר - מרכז מסחרי/מצפה רמון",102.3,49,2,22,בין-עירוני,מאסף,סדיר,"בין עירוני",לא,לא,הנגב,הדרום,11725
160,מטרו,2,#,14160,"מצפה רמון","באר שבע","מרכז תפוח - ת.מרכזית באר שבע/הורדה",102.6,50,2,13,בין-עירוני,מאסף,סדיר,"בין עירוני",לא,לא,הנגב,הדרום,11735
161,מטרו,1,#,17161,"באר שבע","רמת הנגב","ת.מרכזית באר שבע/רציפים בינעיר - מחנה רמון",67.1,2,'-,12,בין-עירוני,ישיר,סדיר,"בין עירוני",לא,לא,הנגב,הדרום,11733
161,מטרו,2,#,17161,"רמת הנגב","באר שבע","מחנה רמון - ת.מרכזית באר שבע/הורדה",66.8,2,'-,5,בין-עירוני,ישיר,סדיר,"בין עירוני",לא,לא,הנגב,הדרום,11734
163,מטרו,1,#,17163,"באר שבע","רמת הנגב","""ת. רכבת ב""""ש צפון"" - מחנה משאבים",37.8,2,'-,9,בין-עירוני,ישיר,סדיר,"בין עירוני",לא,לא,הנגב,הדרום,26369
164,"דן דרום",1,#,12164,"באר שבע",אמציה,"ת.מרכזית באר שבע/רציפים בינעיר - אמציה/מרכז",54.1,30,3,18,בין-עירוני,מאסף,סדיר,מיניבוס,לא,לא,"צפון הנגב",הדרום,16575
164,"דן דרום",2,#,12164,אמציה,"באר שבע","אמציה/מרכז - ת.מרכזית באר שבע/הורדה",54.2,31,4,23,בין-עירוני,מאסף,סדיר,מיניבוס,לא,לא,"צפון הנגב",הדרום,16576
170,מטרו,1,#,14170,"באר שבע","רמת הנגב","ת.מרכזית באר שבע/רציפים בינעיר - מחנה אריאל שרון",23.8,15,33,143,אזורי,מאסף,סדיר,"בין עירוני",לא,לא,הנגב,הדרום,15291
170,מטרו,2,#,14170,"רמת הנגב","באר שבע","מחנה אריאל שרון - ת.מרכזית באר שבע/הורדה",24.3,16,32,135,אזורי,מאסף,סדיר,"בין עירוני",לא,לא,הנגב,הדרום,15292
248,אגד,1,#,13248,שדרות,דימונה,"מסוף אזור התעשייה/רומא - שוק עירוני",88.6,56,3,15,אזורי,מאסף,סדיר,"בין עירוני",לא,לא,"אשכול דרומי",הדרום,14585
248,אגד,2,#,13248,דימונה,שדרות,"שוק עירוני - מסוף אזור התעשייה/רומא",87.1,53,3,15,אזורי,מאסף,סדיר,"בין עירוני",לא,לא,"אשכול דרומי",הדרום,14586
250,תעבורה,1,#,14250,כרמל,"באר שבע","כרמל/יציאה - ת.מרכזית באר שבע/הורדה",57.4,29,13,74,אזורי,מאסף,סדיר,"בין עירוני",לא,לא,"עוטף ירושלים",י-ם,27924
250,תעבורה,2,#,14250,"באר שבע",כרמל,"ת.מרכזית באר שבע/רציפים בינעיר - כרמל/יציאה",57.4,30,12,70,אזורי,מאסף,סדיר,"בין עירוני",לא,לא,"עוטף ירושלים",י-ם,27925
252,תעבורה,1,#,12252,"הר עמשא","באר שבע","הר עמשא מרכז - ת.מרכזית באר שבע/הורדה",53.9,26,6,34,אזורי,מאסף,סדיר,"בין עירוני",לא,לא,"עוטף ירושלים",י-ם,27926
252,תעבורה,2,#,12252,"באר שבע","הר עמשא","ת.מרכזית באר שבע/רציפים בינעיר - הר עמשא מרכז",53.9,28,6,34,אזורי,מאסף,סדיר,"בין עירוני",לא,לא,"עוטף ירושלים",י-ם,27927
253,תעבורה,1,#,11253,טנא,"באר שבע","'טנא עומרים א - ת.מרכזית באר שבע/הורדה",33.6,26,6,37,אזורי,מאסף,סדיר,"בין עירוני",לא,לא,"עוטף ירושלים",י-ם,27928
253,תעבורה,2,#,11253,"באר שבע",טנא,"ת.מרכזית באר שבע/רציפים בינעיר - בריכה",34.6,27,6,37,אזורי,מאסף,סדיר,"בין עירוני",לא,לא,"עוטף ירושלים",י-ם,27929
254,תעבורה,1,#,11254,"קרית ארבע","באר שבע","שד. כלב בן יפונה/דוד המלך - ת.מרכזית באר שבע/הורדה",71.3,41,10,57,אזורי,מאסף,סדיר,"בין עירוני",לא,לא,"עוטף ירושלים",י-ם,27930
254,תעבורה,2,#,11254,"באר שבע","קרית ארבע","ת.מרכזית באר שבע/רציפים בינעיר - מרכז מסחרי/יהושע בן נון",71.5,44,11,61,אזורי,מאסף,סדיר,"בין עירוני",לא,לא,"עוטף ירושלים",י-ם,27931
258,קווים,1,0,12258,"מודיעין מכבים רעות","באר שבע","ת. מרכזית מודיעין מכבים רעות - ת.מרכזית באר שבע/הורדה",95.9,15,1,5,בין-עירוני,מאסף,סדיר,"בין עירוני",לא,לא,חשמונאים,י-ם,11279
258,קווים,1,2,12258,"מודיעין מכבים רעות","באר שבע","ת. מרכזית מודיעין מכבים רעות - ת.מרכזית באר שבע/הורדה",91.0,10,'-,1,בין-עירוני,מאסף,סדיר,"בין עירוני",לא,לא,חשמונאים,י-ם,11381
258,קווים,2,0,12258,"באר שבע","מודיעין מכבים רעות","ת.מרכזית באר שבע/רציפים בינעיר - שדרות החשמונאים/לב העיר",96.8,15,1,6,בין-עירוני,מאסף,סדיר,"בין עירוני",לא,לא,חשמונאים,י-ם,11280
259,תעבורה,1,#,11259,כרמל,"באר שבע","כרמל/יציאה - אליעזר וצילה מרגולין/גוזלן",86.7,26,'-,2,אזורי,מאסף,לילה,"בין עירוני",לא,לא,"עוטף ירושלים",י-ם,28922
259,תעבורה,2,#,11259,"באר שבע",כרמל,"אליעזר וצילה מרגולין/צבי טאוב - כרמל/יציאה",86.4,25,'-,2,אזורי,מאסף,לילה,"בין עירוני",לא,לא,"עוטף ירושלים",י-ם,28923
322,מטרו,1,#,18322,"באר שבע",נתיבות,"יהושע הצורף - יצחק שמיר/אחת עשרה נקודות",41.2,45,5,25,בין-עירוני,מהיר,סדיר,"בין עירוני",לא,לא,הנגב,הדרום,28267
322,מטרו,2,#,18322,נתיבות,"באר שבע","אחת עשרה נקודות/יצחק שמיר - יהושע הצורף/יהודה הנחתום",40.5,49,5,25,בין-עירוני,מהיר,סדיר,"בין עירוני",לא,לא,הנגב,הדרום,28268
323,"דן דרום",1,#,12323,"באר שבע",נתיבות,"ת.מרכזית באר שבע/רציפים בינעיר - יצחק שמיר/אחת עשרה נקודות",38.1,35,5,25,בין-עירוני,מהיר,סדיר,"בין עירוני",לא,לא,"צפון הנגב",הדרום,16602
323,"דן דרום",2,#,12323,נתיבות,"באר שבע","אחת עשרה נקודות/יצחק שמיר - ת.מרכזית באר שבע/הורדה",37.7,41,5,25,בין-עירוני,מהיר,סדיר,"בין עירוני",לא,לא,"צפון הנגב",הדרום,16603
325,"דן דרום",1,#,11325,"באר שבע",נתיבות,"ת.מרכזית באר שבע/רציפים בינעיר - יצחק שמיר/אחת עשרה נקודות",46.5,50,6,32,בין-עירוני,מאסף,סדיר,"בין עירוני",לא,לא,"צפון הנגב",הדרום,16553
325,"דן דרום",2,#,11325,נתיבות,"באר שבע","אחת עשרה נקודות/יצחק שמיר - ת.מרכזית באר שבע/הורדה",45.7,49,6,32,בין-עירוני,מאסף,סדיר,"בין עירוני",לא,לא,"צפון הנגב",הדרום,16554
330,"דן דרום",1,#,14330,"באר שבע",אופקים,"ת.מרכזית באר שבע/רציפים בינעיר - פארק אופקים",27.8,34,30,173,בין-עירוני,ישיר,סדיר,"בין עירוני",לא,לא,"צפון הנגב",הדרום,16606
330,"דן דרום",2,#,14330,אופקים,"באר שבע","מסוף פארק אופקים - ת.מרכזית באר שבע/הורדה",28.3,40,33,190,בין-עירוני,ישיר,סדיר,"בין עירוני",לא,לא,"צפון הנגב",הדרום,16607
332,"דן דרום",1,#,16332,"באר שבע",אופקים,"ת.מרכזית באר שבע/רציפים בינעיר - פארק אופקים",35.9,55,18,102,בין-עירוני,מאסף,סדיר,"בין עירוני",לא,לא,"צפון הנגב",הדרום,16608
332,"דן דרום",2,#,16332,אופקים,"באר שבע","מסוף פארק אופקים - ת.מרכזית באר שבע/הורדה",35.8,60,15,88,בין-עירוני,מאסף,סדיר,"בין עירוני",לא,לא,"צפון הנגב",הדרום,16609
333,"דן דרום",1,#,20333,"באר שבע",אופקים,"ת.מרכזית באר שבע/רציפים בינעיר - פארק אופקים",30.0,29,26,149,בין-עירוני,ישיר,סדיר,"בין עירוני",לא,לא,"צפון הנגב",הדרום,17139
333,"דן דרום",2,#,20333,אופקים,"באר שבע","מסוף פארק אופקים - ת.מרכזית באר שבע/הורדה",30.4,35,27,150,בין-עירוני,ישיר,סדיר,"בין עירוני",לא,לא,"צפון הנגב",הדרום,17140
342,מטרו,1,#,15342,שדרות,"באר שבע","המעפילים/דניאל - יהושע הצורף/יהודה הנחתום",51.4,56,10,62,בין-עירוני,ישיר,סדיר,"בין עירוני",לא,לא,הנגב,הדרום,28292
342,מטרו,2,#,15342,"באר שבע",שדרות,"יהושע הצורף - המעפילים/דניאל",51.1,52,10,61,בין-עירוני,ישיר,סדיר,"בין עירוני",לא,לא,הנגב,הדרום,28293
343,מטרו,1,#,11343,שדרות,"באר שבע","המעפילים/דניאל - ת.מרכזית באר שבע/הורדה",48.6,49,8,40,בין-עירוני,מאסף,סדיר,"בין עירוני",לא,לא,הנגב,הדרום,12323
343,מטרו,2,#,11343,"באר שבע",שדרות,"ת.מרכזית באר שבע/רציפים בינעיר - המעפילים/דניאל",47.9,46,8,40,בין-עירוני,מאסף,סדיר,"בין עירוני",לא,לא,הנגב,הדרום,12324
348,מטרו,1,#,12348,אשדוד,"באר שבע","ת. מרכזית אשדוד/רציפים - ת.מרכזית באר שבע/הורדה",88.2,28,18,102,בין-עירוני,מאסף,סדיר,"בין עירוני",כן,לא,הנגב,הדרום,10868
348,מטרו,2,#,12348,"באר שבע",אשדוד,"ת.מרכזית באר שבע/רציפים בינעיר - ת. מרכזית אשדוד",90.4,28,18,99,בין-עירוני,מאסף,סדיר,"בין עירוני",כן,לא,הנגב,הדרום,10869
353,מטרו,1,#,10353,"תל אביב יפו","באר שבע","ת.מרכזית תל אביב קומה 6/רציפים - ת.מרכזית באר שבע/הורדה",129.5,89,13,76,בין-עירוני,מאסף,סדיר,"בין עירוני",כן,לא,הנגב,הדרום,8124
353,מטרו,1,2,10353,"תל אביב יפו","באר שבע","ת.מרכזית תל אביב קומה 6/רציפים - ת.מרכזית באר שבע/הורדה",124.6,77,'-,1,בין-עירוני,מאסף,סדיר,"בין עירוני",כן,לא,הנגב,הדרום,8126
353,מטרו,2,#,10353,"באר שבע","תל אביב יפו","ת.מרכזית באר שבע/רציפים בינעיר - ת.מרכזית תל אביב קומה 6/הורדה",127.4,88,13,73,בין-עירוני,מאסף,סדיר,"בין עירוני",כן,לא,הנגב,הדרום,8128
357,מטרו,1,#,10357,"מודיעין עילית",דימונה,"מסוף מודיעין עילית - יצחק שדה/האצל",150.9,38,'-,3,בין-עירוני,מהיר,סדיר,"בין עירוני",לא,לא,הנגב,הדרום,11710
357,מטרו,2,#,10357,דימונה,"מודיעין עילית","יצחק שדה/האצל - בית הכנסת קרלין",155.9,57,'-,3,בין-עירוני,מהיר,סדיר,"בין עירוני",לא,לא,הנגב,הדרום,11711
359,מטרו,1,#,10359,נתיבות,דימונה,"אחת עשרה נקודות/יצחק שמיר - יצחק שדה/האצל",102.5,63,6,34,בין-עירוני,מהיר,סדיר,"בין עירוני",לא,לא,הנגב,הדרום,10256
359,מטרו,2,#,10359,דימונה,נתיבות,"יצחק שדה/האצל - דרכי רפאל/קהילת יעקב",102.1,57,5,29,בין-עירוני,מהיר,סדיר,"בין עירוני",לא,לא,הנגב,הדרום,10257
359,מטרו,2,1,10359,ירוחם,נתיבות,"""ההגנה/הפלמ""""ח"" - דרכי רפאל/קהילת יעקב",82.4,39,1,5,בין-עירוני,מהיר,סדיר,"בין עירוני",לא,לא,הנגב,הדרום,17962
361,"דן דרום",1,#,12361,אשקלון,"באר שבע","ת. מרכזית אשקלון/רציפים - ת.מרכזית באר שבע/הורדה",84.0,71,6,32,בין-עירוני,מאסף,סדיר,"בין עירוני",לא,לא,"צפון הנגב",הדרום,16612
361,"דן דרום",2,#,12361,"באר שבע",אשקלון,"ת.מרכזית באר שבע/רציפים בינעיר - ת.מרכזית אשקלון/הורדה",83.5,68,6,31,בין-עירוני,מאסף,סדיר,"בין עירוני",לא,לא,"צפון הנגב",הדרום,16613
363,"דן דרום",1,#,11363,אשקלון,"באר שבע","ת. מרכזית אשקלון/רציפים - ת.מרכזית באר שבע/הורדה",71.5,63,13,79,בין-עירוני,מאסף,סדיר,"בין עירוני",לא,לא,"צפון הנגב",הדרום,16544
363,"דן דרום",2,#,11363,"באר שבע",אשקלון,"ת.מרכזית באר שבע/רציפים בינעיר - ת.מרכזית אשקלון/הורדה",70.9,62,13,80,בין-עירוני,מאסף,סדיר,"בין עירוני",לא,לא,"צפון הנגב",הדרום,16545
364,"דן דרום",1,#,10364,אשקלון,"באר שבע","ת. מרכזית אשקלון/רציפים - ת.מרכזית באר שבע/הורדה",62.7,32,24,131,בין-עירוני,מהיר,סדיר,"בין עירוני",לא,לא,"צפון הנגב",הדרום,1875
364,"דן דרום",2,#,10364,"באר שבע",אשקלון,"ת.מרכזית באר שבע/רציפים בינעיר - ת.מרכזית אשקלון/הורדה",62.1,34,21,116,בין-עירוני,מהיר,סדיר,"בין עירוני",לא,לא,"צפון הנגב",הדרום,1876
367,מטרו,1,#,11367,"ראשון לציון","באר שבע","""ת. מרכזית רשל""""צ/רציפים"" - ת.מרכזית באר שבע/הורדה",95.7,49,16,95,בין-עירוני,מאסף,סדיר,"בין עירוני",כן,לא,הנגב,הדרום,8140
367,מטרו,2,#,11367,"באר שבע","ראשון לציון","ת.מרכזית באר שבע/רציפים בינעיר - ""ת. מרכזית ראשל""""צ""",94.1,47,14,85,בין-עירוני,מאסף,סדיר,"בין עירוני",כן,לא,הנגב,הדרום,8141
368,מטרו,1,#,10368,אשדוד,"באר שבע","ת. מרכזית אשדוד/רציפים - ת.מרכזית באר שבע/הורדה",81.1,27,11,61,בין-עירוני,מאסף,סדיר,"בין עירוני",כן,לא,הנגב,הדרום,8145
368,מטרו,2,#,10368,"באר שבע",אשדוד,"ת.מרכזית באר שבע/רציפים בינעיר - ת. מרכזית אשדוד",81.2,27,14,77,בין-עירוני,מאסף,סדיר,"בין עירוני",כן,לא,הנגב,הדרום,8148
369,מטרו,1,#,10369,"תל אביב יפו","באר שבע","ת.מרכזית תל אביב קומה 6/רציפים - ת.מרכזית באר שבע/הורדה",118.1,35,35,211,בין-עירוני,מאסף,סדיר,"בין עירוני",כן,לא,הנגב,הדרום,8151
369,מטרו,1,2,10369,"תל אביב יפו","באר שבע","ת.מרכזית תל אביב קומה 6/רציפים - ת.מרכזית באר שבע/הורדה",117.3,42,6,49,בין-עירוני,מאסף,סדיר,"בין עירוני",כן,לא,הנגב,הדרום,8153
369,מטרו,1,4,10369,"באר טוביה","באר שבע","צומת מלאכי - ת.מרכזית באר שבע/הורדה",62.7,25,2,10,בין-עירוני,מאסף,סדיר,"בין עירוני",כן,לא,הנגב,הדרום,8155
369,מטרו,2,#,10369,"באר שבע","תל אביב יפו","ת.מרכזית באר שבע/רציפים בינעיר - ת.מרכזית תל אביב קומה 6/הורדה",116.3,35,36,212,בין-עירוני,מאסף,סדיר,"בין עירוני",כן,לא,הנגב,הדרום,8162
369,מטרו,2,2,10369,"באר שבע","תל אביב יפו","ת.מרכזית באר שבע/רציפים בינעיר - ת.מרכזית תל אביב קומה 6/הורדה",116.3,40,4,32,בין-עירוני,מאסף,סדיר,"בין עירוני",כן,לא,הנגב,הדרום,8164
370,מטרו,1,#,11370,"תל אביב יפו","באר שבע","ת.מרכזית תל אביב קומה 6/רציפים - ת.מרכזית באר שבע/הורדה",106.4,6,32,219,בין-עירוני,ישיר,סדיר,"בין עירוני",כן,לא,הנגב,הדרום,8170
370,מטרו,2,#,11370,"באר שבע","תל אביב יפו","ת.מרכזית באר שבע/רציפים בינעיר - ת.מרכזית תל אביב קומה 6/הורדה",106.6,6,34,217,בין-עירוני,ישיר,סדיר,"בין עירוני",כן,לא,הנגב,הדרום,8171
371,מטרו,1,#,13371,"ראשון לציון","באר שבע","""ת. מרכזית רשל""""צ/רציפים"" - ת.מרכזית באר שבע/הורדה",103.7,65,8,47,בין-עירוני,מאסף,סדיר,"בין עירוני",כן,לא,הנגב,הדרום,11492
371,מטרו,1,1,13371,"קרית גת","באר שבע","צומת פלוגות למזרח - ת.מרכזית באר שבע/הורדה",55.8,31,1,5,בין-עירוני,מאסף,סדיר,"בין עירוני",כן,לא,הנגב,הדרום,11493
371,מטרו,2,#,13371,"באר שבע","ראשון לציון","ת.מרכזית באר שבע/רציפים בינעיר - ""ת. מרכזית ראשל""""צ""",102.2,64,10,57,בין-עירוני,מאסף,סדיר,"בין עירוני",כן,לא,הנגב,הדרום,11494
377,מטרו,1,#,10377,"ראשון לציון","באר שבע","""ת. מרכזית רשל""""צ/רציפים"" - ת.מרכזית באר שבע/הורדה",97.1,26,10,54,בין-עירוני,מאסף,סדיר,"בין עירוני",לא,לא,הנגב,הדרום,10855
377,מטרו,2,#,10377,"באר שבע","ראשון לציון","ת.מרכזית באר שבע/רציפים בינעיר - ""ת. מרכזית ראשל""""צ""",94.9,26,10,57,בין-עירוני,מאסף,סדיר,"בין עירוני",לא,לא,הנגב,הדרום,10856
380,מטרו,1,#,11380,"תל אביב יפו","באר שבע","ת. רכבת תל אביב- סבידור/רציפים - ת.מרכזית באר שבע/הורדה",109.2,5,'-,56,בין-עירוני,ישיר,סדיר,"בין עירוני",כן,לא,הנגב,הדרום,8176
380,מטרו,2,#,11380,"באר שבע","תל אביב יפו","ת.מרכזית באר שבע/רציפים בינעיר - ת. רכבת תל אביב - סבידור/הורדה",109.1,5,'-,64,בין-עירוני,ישיר,סדיר,"בין עירוני",כן,לא,הנגב,הדרום,8177
384,אגד,1,#,10384,"באר שבע",תמר,"ת.מרכזית באר שבע/רציפים בינעיר - בית ספר שדה",122.2,33,5,28,בין-עירוני,מהיר,סדיר,"בין עירוני",לא,לא,"אשכול דרומי",הדרום,19746
384,אגד,2,#,10384,תמר,"באר שבע","בית ספר שדה - ת.מרכזית באר שבע/הורדה",123.0,33,5,28,בין-עירוני,מהיר,סדיר,"בין עירוני",לא,לא,"אשכול דרומי",הדרום,19747
386,מטרו,1,#,12386,"באר שבע",ערד,"ת.מרכזית באר שבע/רציפים בינעיר - יהודה/תחנה מרכזית",47.7,15,19,98,בין-עירוני,מאסף,סדיר,"בין עירוני",לא,לא,הנגב,הדרום,8179
386,מטרו,1,1,12386,"באר שבע",ערד,"ת.מרכזית באר שבע/רציפים בינעיר - מלון מצדה",58.7,40,2,10,בין-עירוני,מאסף,סדיר,"בין עירוני",לא,לא,הנגב,הדרום,8180
386,מטרו,2,#,12386,ערד,"באר שבע","ת. מרכזית ערד/רציפים - ת.מרכזית באר שבע/הורדה",48.5,15,17,89,בין-עירוני,מאסף,סדיר,"בין עירוני",לא,לא,הנגב,הדרום,8182
387,מטרו,1,#,12387,"באר שבע",ערד,"ת.מרכזית באר שבע/רציפים בינעיר - ת. מרכזית ערד/רציפים",52.9,9,7,35,בין-עירוני,ישיר,סדיר,"בין עירוני",לא,לא,הנגב,הדרום,20208
387,מטרו,2,#,12387,ערד,"באר שבע","ת. מרכזית ערד/רציפים - ת.מרכזית באר שבע/הורדה",52.3,11,4,20,בין-עירוני,ישיר,סדיר,"בין עירוני",לא,לא,הנגב,הדרום,16490
387,מטרו,2,1,12387,ערד,"באר שבע","ת. מרכזית ערד/רציפים - מכללה טכנולוגית חיל האוויר/דרך",56.6,20,4,20,בין-עירוני,ישיר,סדיר,"בין עירוני",לא,לא,הנגב,הדרום,29556
388,מטרו,1,#,10388,"באר שבע",ערד,"ת.מרכזית באר שבע/רציפים בינעיר - יהודה/תחנה מרכזית",45.8,27,31,179,בין-עירוני,מאסף,סדיר,"בין עירוני",כן,לא,הנגב,הדרום,8185
388,מטרו,1,1,10388,"באר שבע",ערד,"ת.מרכזית באר שבע/רציפים בינעיר - מלון מצדה",58.3,53,14,78,בין-עירוני,מאסף,סדיר,"בין עירוני",כן,לא,הנגב,הדרום,8186
388,מטרו,2,#,10388,ערד,"באר שבע","ת. מרכזית ערד/רציפים - ת.מרכזית באר שבע/הורדה",46.2,27,46,260,בין-עירוני,מאסף,סדיר,"בין עירוני",כן,לא,הנגב,הדרום,8188
391,אגד,1,ב,10391,אשדוד,אילת,"ת. מרכזית אשדוד/רציפים - ת. מרכזית אילת/הורדה",328.2,42,2,10,בין-עירוני,מהיר,סדיר,"בין עירוני",לא,לא,"אילת עירוני ובינעירוני",הדרום,24285
391,אגד,2,ם,10391,אילת,אשדוד,"ת. מרכזית אילת/רציפים - ת. מרכזית אשדוד",327.4,39,2,10,בין-עירוני,מהיר,סדיר,"בין עירוני",לא,לא,"אילת עירוני ובינעירוני",הדרום,11152
392,אגד,1,1,10392,אילת,"באר שבע","ת. מרכזית אילת/רציפים - ת.מרכזית באר שבע/הורדה",304.2,61,'-,1,בין-עירוני,מאסף,סדיר,"בין עירוני",לא,לא,"אשכול דרומי",הדרום,11890
392,אגד,1,7,10392,אילת,"באר שבע","ת. מרכזית אילת/רציפים - ת.מרכזית באר שבע/הורדה",291.4,62,4,20,בין-עירוני,מאסף,סדיר,"בין עירוני",לא,לא,"אשכול דרומי",הדרום,16754
392,אגד,1,ך,10392,אילת,"באר שבע","ת. מרכזית אילת/רציפים - ת.מרכזית באר שבע/הורדה",287.3,61,3,22,בין-עירוני,מאסף,סדיר,"בין עירוני",לא,לא,"אשכול דרומי",הדרום,7425
392,אגד,2,7,10392,"באר שבע",אילת,"ת.מרכזית באר שבע/רציפים בינעיר - ת. מרכזית אילת/הורדה",290.9,62,2,9,בין-עירוני,מאסף,סדיר,"בין עירוני",לא,לא,"אשכול דרומי",הדרום,16755
392,אגד,2,8,10392,"באר שבע",אילת,"ת.מרכזית באר שבע/רציפים בינעיר - ת. מרכזית אילת/הורדה",300.2,60,'-,1,בין-עירוני,מאסף,סדיר,"בין עירוני",לא,לא,"אשכול דרומי",הדרום,13748
392,אגד,2,9,10392,"באר שבע",אילת,"ת.מרכזית באר שבע/רציפים בינעיר - ת. מרכזית אילת/הורדה",286.8,61,3,20,בין-עירוני,מאסף,סדיר,"בין עירוני",לא,לא,"אשכול דרומי",הדרום,13749
393,אגד,1,#,10393,"תל אביב יפו",אילת,"ת.מרכזית תל אביב קומה 6/רציפים - ת. מרכזית אילת/הורדה",354.4,44,1,7,בין-עירוני,מהיר,סדיר,"בין עירוני",כן,כן,"אילת עירוני ובינעירוני",הדרום,24060
393,אגד,1,א,10393,"תל אביב יפו",אילת,"ת.מרכזית תל אביב קומה 6/רציפים - ת. מרכזית אילת/הורדה",353.7,44,'-,4,בין-עירוני,מהיר,סדיר,"בין עירוני",כן,כן,"אילת עירוני ובינעירוני",הדרום,7433
393,אגד,2,#,10393,אילת,"תל אביב יפו","ת. מרכזית אילת/רציפים - ת.מרכזית תל אביב קומה 6/הורדה",350.1,46,2,23,בין-עירוני,מהיר,סדיר,"בין עירוני",כן,כן,"אילת עירוני ובינעירוני",הדרום,7444
393,אגד,2,ד,10393,אילת,"תל אביב יפו","ת. מרכזית אילת/רציפים - ת.מרכזית תל אביב קומה 6/הורדה",349.8,47,'-,1,בין-עירוני,מהיר,סדיר,"בין עירוני",כן,כן,"אילת עירוני ובינעירוני",הדרום,19145
397,אגד,1,#,10397,"באר שבע",אילת,"ת.מרכזית באר שבע/רציפים בינעיר - ת. מרכזית אילת/הורדה",250.8,36,10,75,בין-עירוני,מהיר,סדיר,"בין עירוני",כן,לא,"אשכול דרומי",הדרום,7459
397,אגד,2,#,10397,אילת,"באר שבע","ת. מרכזית אילת/רציפים - ת.מרכזית באר שבע/הורדה",251.7,35,5,40,בין-עירוני,מהיר,סדיר,"בין עירוני",כן,לא,"אשכול דרומי",הדרום,7462
397,אגד,2,ז,10397,אילת,"באר שבע","ת. מרכזית אילת/רציפים - ת.מרכזית באר שבע/הורדה",245.3,34,3,17,בין-עירוני,מהיר,סדיר,"בין עירוני",כן,לא,"אשכול דרומי",הדרום,26532
440,תעבורה,1,#,10440,ירושלים,"באר שבע","ת. מרכזית ירושלים קומה 3/רציפי - ת.מרכזית באר שבע/הורדה",104.9,39,3,16,בין-עירוני,מאסף,סדיר,"בין עירוני",לא,לא,"עוטף ירושלים",י-ם,28878
440,תעבורה,2,#,10440,"באר שבע",ירושלים,"ת.מרכזית באר שבע/רציפים בינעיר - ת. מרכזית ירושלים/הורדה",104.5,39,2,12,בין-עירוני,מאסף,סדיר,"בין עירוני",לא,לא,"עוטף ירושלים",י-ם,28879
446,אגד,1,#,10446,"באר שבע",ירושלים,"ת.מרכזית באר שבע/רציפים בינעיר - ת. מרכזית ירושלים/הורדה",118.2,43,15,101,בין-עירוני,מהיר,סדיר,"בין עירוני",כן,לא,"ירושלים-באר שבע","בין מחוזי",6995
446,אגד,3,#,10446,ירושלים,"באר שבע","ת. מרכזית ירושלים קומה 3/רציפי - ת.מרכזית באר שבע/הורדה",118.2,40,15,106,בין-עירוני,מהיר,סדיר,"בין עירוני",כן,לא,"ירושלים-באר שבע","בין מחוזי",6998
450,גלים,1,0,13450,רהט,"באר שבע","חממות - ""שדרות נפתלי אימבר/קק""""ל""",24.7,30,37,204,בין-עירוני,מאסף,סדיר,"בין עירוני",לא,כן,רהט,הדרום,243
450,גלים,2,0,13450,"באר שבע",רהט,"שדרות נפתלי הרץ אימבר/כפר דרום - חממות",25.2,27,41,223,בין-עירוני,מאסף,סדיר,"בין עירוני",לא,כן,רהט,הדרום,245
451,גלים,1,0,12451,רהט,"באר שבע","חממות דרום - ""שדרות נפתלי אימבר/קק""""ל""",25.4,27,10,53,בין-עירוני,מאסף,סדיר,"בין עירוני",לא,לא,רהט,הדרום,247
451,גלים,2,0,12451,"באר שבע",רהט,"שדרות נפתלי הרץ אימבר/כפר דרום - חממות",27.4,29,10,53,בין-עירוני,מאסף,סדיר,"בין עירוני",לא,לא,רהט,הדרום,16727
452,גלים,1,0,12452,רהט,"באר שבע","צומת שובל - ""שדרות נפתלי אימבר/קק""""ל""",26.6,26,8,42,בין-עירוני,מאסף,סדיר,"בין עירוני",לא,כן,רהט,הדרום,248
452,גלים,2,0,12452,"באר שבע",רהט,"שדרות נפתלי הרץ אימבר/כפר דרום - צומת שובל",27.1,27,8,42,בין-עירוני,מאסף,סדיר,"בין עירוני",לא,כן,רהט,הדרום,19098
454,גלים,1,0,12454,רהט,"באר שבע","חממות - ""שדרות נפתלי אימבר/קק""""ל""",34.6,38,7,37,בין-עירוני,מאסף,סדיר,"בין עירוני",לא,כן,רהט,הדרום,10224
454,גלים,2,0,12454,"באר שבע",רהט,"שדרות נפתלי הרץ אימבר/כפר דרום - חממות",35.0,34,7,37,בין-עירוני,מאסף,סדיר,"בין עירוני",לא,כן,רהט,הדרום,10225
455,גלים,1,0,11455,רהט,"באר שבע","חממות - ""שדרות נפתלי אימבר/קק""""ל""",28.1,34,34,180,בין-עירוני,מאסף,סדיר,"בין עירוני",כן,כן,רהט,הדרום,251
455,גלים,2,0,11455,"באר שבע",רהט,"שדרות נפתלי הרץ אימבר/כפר דרום - חממות",28.6,31,32,170,בין-עירוני,מאסף,סדיר,"בין עירוני",כן,כן,רהט,הדרום,252
459,מטרו,1,#,12459,דימונה,"בית שמש","יצחק שדה/האצל - ת. רכבת בית שמש",133.0,58,'-,7,בין-עירוני,מאסף,סדיר,"בין עירוני",לא,לא,הנגב,הדרום,11713
459,מטרו,2,#,12459,"בית שמש",דימונה,"ת. רכבת בית שמש - יצחק שדה/האצל",132.9,62,'-,7,בין-עירוני,מאסף,סדיר,"בין עירוני",לא,לא,הנגב,הדרום,11715
464,"דן דרום",1,#,15464,אשקלון,"באר שבע","ת. מרכזית אשקלון/רציפים - ת.מרכזית באר שבע/הורדה",62.7,14,7,35,בין-עירוני,ישיר,סדיר,"בין עירוני",לא,לא,"צפון הנגב",הדרום,16629
464,"דן דרום",2,#,15464,"באר שבע",אשקלון,"ת.מרכזית באר שבע/רציפים בינעיר - ת.מרכזית אשקלון/הורדה",62.1,17,7,35,בין-עירוני,ישיר,סדיר,"בין עירוני",לא,לא,"צפון הנגב",הדרום,16630
469,מטרו,1,#,12469,"תל אביב יפו","באר שבע","ת. רכבת תל אביב- סבידור/רציפים - ת.מרכזית באר שבע/הורדה",134.1,25,5,30,בין-עירוני,מהיר,לילה,"בין עירוני",לא,לא,הנגב,הדרום,13581
469,מטרו,2,#,12469,"באר שבע","תל אביב יפו","ת.מרכזית באר שבע/רציפים בינעיר - ת. רכבת תל אביב - סבידור/הורדה",136.2,28,6,35,בין-עירוני,מהיר,לילה,"בין עירוני",לא,לא,הנגב,הדרום,13582
470,אגד,1,#,10470,"באר שבע",ירושלים,"ת.מרכזית באר שבע/רציפים בינעיר - ת. מרכזית ירושלים/הורדה",103.9,8,39,245,בין-עירוני,ישיר,סדיר,"בין עירוני",לא,כן,"ירושלים-באר שבע","בין מחוזי",7005
470,אגד,1,ד,10470,דימונה,ירושלים,"שוק עירוני - ת. מרכזית ירושלים/הורדה",146.2,28,1,5,בין-עירוני,ישיר,סדיר,"בין עירוני",לא,כן,"ירושלים-באר שבע","בין מחוזי",7007
470,אגד,3,#,10470,ירושלים,"באר שבע","ת. מרכזית ירושלים קומה 3/רציפי - ת.מרכזית באר שבע/הורדה",104.8,7,39,235,בין-עירוני,ישיר,סדיר,"בין עירוני",לא,כן,"ירושלים-באר שבע","בין מחוזי",7008
470,אגד,3,ם,10470,"מעלה אדומים","באר שבע","תלמוד תורה/דרך קדם - ת.מרכזית באר שבע/הורדה",130.0,52,'-,2,בין-עירוני,ישיר,סדיר,"בין עירוני",לא,כן,"ירושלים-באר שבע","בין מחוזי",7015
471,גלים,1,0,15471,רהט,"באר שבע","חממות - ""שדרות נפתלי אימבר/קק""""ל""",27.1,29,2,12,בין-עירוני,מאסף,סדיר,"בין עירוני",לא,לא,רהט,הדרום,27913
471,גלים,2,0,15471,"באר שבע",רהט,"שדרות נפתלי הרץ אימבר/כפר דרום - חממות",27.4,26,4,21,בין-עירוני,מאסף,סדיר,"בין עירוני",לא,לא,רהט,הדרום,27914
570,מטרו,1,#,11570,"בני ברק","באר שבע","קניון איילון - ת.מרכזית באר שבע/הורדה",114.7,16,'-,2,בין-עירוני,מהיר,סדיר,"בין עירוני",לא,כן,הנגב,הדרום,34109
570,מטרו,2,#,11570,"באר שבע","בני ברק","ת.מרכזית באר שבע/רציפים בינעיר - קניון איילון",114.5,17,'-,2,בין-עירוני,מהיר,סדיר,"בין עירוני",לא,כן,הנגב,הדרום,34126
669,מטרו,1,#,11669,רעננה,"באר שבע","מסוף רעננה - ת.מרכזית באר שבע/הורדה",120.8,14,13,81,בין-עירוני,מהיר,סדיר,"בין עירוני",כן,לא,הנגב,הדרום,11706
669,מטרו,2,#,11669,"באר שבע",רעננה,"ת.מרכזית באר שבע/רציפים בינעיר - מסוף רעננה",121.0,14,13,82,בין-עירוני,מהיר,סדיר,"בין עירוני",כן,לא,הנגב,הדרום,11707
687,מטרו,1,#,10687,"שגב שלום","באר טוביה","שכונה 4 - מכללת אחוה",71.7,15,3,16,בין-עירוני,מאסף,סדיר,"בין עירוני",לא,לא,הנגב,הדרום,11712
687,מטרו,2,#,10687,"באר טוביה","שגב שלום","מכללת אחוה - מרכז מסחרי",71.2,14,3,16,בין-עירוני,מאסף,סדיר,"בין עירוני",לא,לא,הנגב,הדרום,21701
794,אגד,1,#,15794,"תל אביב יפו",אילת,"ת. רכבת תל אביב- סבידור/רציפים - ת. מרכזית אילת/הורדה",356.3,40,1,6,בין-עירוני,מהיר,סדיר,"בין עירוני",לא,לא,"אילת עירוני ובינעירוני",הדרום,26583
794,אגד,2,#,15794,אילת,"תל אביב יפו","ת. מרכזית אילת/רציפים - ת. רכבת תל אביב - סבידור/הורדה",356.4,41,1,6,בין-עירוני,מהיר,סדיר,"בין עירוני",לא,לא,"אילת עירוני ובינעירוני",הדרום,26584
870,אגד,1,#,10870,"באר שבע",עפולה,"ת.מרכזית באר שבע/רציפים בינעיר - ת.מרכזית עפולה/הורדה",180.9,11,5,51,בין-עירוני,ישיר,סדיר,"בין עירוני",כן,לא,"תל אביב-גליל עמקים","בין מחוזי",7180
870,אגד,2,#,10870,עפולה,"באר שבע","ת.מרכזית עפולה/רציפים - ת.מרכזית באר שבע/הורדה",180.4,9,5,50,בין-עירוני,ישיר,סדיר,"בין עירוני",כן,לא,"תל אביב-גליל עמקים","בין מחוזי",7181
880,אגד,2,#,10880,טבריה,"באר שבע","ת. מרכזית טבריה/רציפים - ת.מרכזית באר שבע/הורדה",223.2,17,'-,1,בין-עירוני,מהיר,סדיר,"בין עירוני",לא,לא,"תל אביב-גליל עמקים","בין מחוזי",10777
958,אגד,1,#,10958,"באר שבע",כרמיאל,"ת.מרכזית באר שבע/רציפים בינעיר - ת. מרכזית כרמיאל/הורדה",220.8,30,'-,1,בין-עירוני,ישיר,סדיר,"בין עירוני",כן,כן,חיפה-ירושלים-אילת,"בין מחוזי",10130
958,אגד,2,#,10958,כרמיאל,"באר שבע","ת. מרכזית כרמיאל/רציפים - ת.מרכזית באר שבע/הורדה",222.1,32,'-,2,בין-עירוני,ישיר,סדיר,"בין עירוני",כן,כן,חיפה-ירושלים-אילת,"בין מחוזי",10131
